{
  "IcoMoonType": "selection",
  "icons": [
    {
      "icon": {
        "paths": [
          "M804.571 566.857v274.286c0 20-16.571 36.571-36.571 36.571h-219.429v-219.429h-146.286v219.429h-219.429c-20 0-36.571-16.571-36.571-36.571v-274.286c0-1.143 0.571-2.286 0.571-3.429l328.571-270.857 328.571 270.857c0.571 1.143 0.571 2.286 0.571 3.429zM932 527.429l-35.429 42.286c-2.857 3.429-7.429 5.714-12 6.286h-1.714c-4.571 0-8.571-1.143-12-4l-395.429-329.714-395.429 329.714c-4 2.857-8.571 4.571-13.714 4-4.571-0.571-9.143-2.857-12-6.286l-35.429-42.286c-6.286-7.429-5.143-19.429 2.286-25.714l410.857-342.286c24-20 62.857-20 86.857 0l139.429 116.571v-111.429c0-10.286 8-18.286 18.286-18.286h109.714c10.286 0 18.286 8 18.286 18.286v233.143l125.143 104c7.429 6.286 8.571 18.286 2.286 25.714z"
        ],
        "width": 950.8571428571428,
        "attrs": [],
        "isMulticolor": false,
        "isMulticolor2": false,
        "tags": [
          "home"
        ],
        "defaultCode": 61461,
        "grid": 14
      },
      "attrs": [],
      "properties": {
        "name": "home",
        "id": 24,
        "order": 2,
        "prevSize": 28,
        "code": 61461
      },
      "setIdx": 0,
      "setId": 2,
      "iconIdx": 24
    },
    {
      "icon": {
        "paths": [
          "M804.571 708.571c0 20.571-9.143 60.571-17.714 79.429-12 28-44 46.286-69.714 60.571-33.714 18.286-68 29.143-106.286 29.143-53.143 0-101.143-21.714-149.714-39.429-34.857-12.571-68.571-28-100-47.429-97.143-60-214.286-177.143-274.286-274.286-19.429-31.429-34.857-65.143-47.429-100-17.714-48.571-39.429-96.571-39.429-149.714 0-38.286 10.857-72.571 29.143-106.286 14.286-25.714 32.571-57.714 60.571-69.714 18.857-8.571 58.857-17.714 79.429-17.714 4 0 8 0 12 1.714 12 4 24.571 32 30.286 43.429 18.286 32.571 36 65.714 54.857 97.714 9.143 14.857 26.286 33.143 26.286 50.857 0 34.857-103.429 85.714-103.429 116.571 0 15.429 14.286 35.429 22.286 49.143 57.714 104 129.714 176 233.714 233.714 13.714 8 33.714 22.286 49.143 22.286 30.857 0 81.714-103.429 116.571-103.429 17.714 0 36 17.143 50.857 26.286 32 18.857 65.143 36.571 97.714 54.857 11.429 5.714 39.429 18.286 43.429 30.286 1.714 4 1.714 8 1.714 12z"
        ],
        "width": 804.5714285714286,
        "attrs": [],
        "isMulticolor": false,
        "isMulticolor2": false,
        "tags": [
          "phone"
        ],
        "defaultCode": 61589,
        "grid": 14
      },
      "attrs": [],
      "properties": {
        "name": "phone",
        "id": 141,
        "order": 7,
        "prevSize": 28,
        "code": 61589
      },
      "setIdx": 0,
      "setId": 2,
      "iconIdx": 141
    },
    {
      "icon": {
        "paths": [
          "M219.429 841.143c0-20-16.571-36.571-36.571-36.571s-36.571 16.571-36.571 36.571 16.571 36.571 36.571 36.571 36.571-16.571 36.571-36.571zM587.429 601.143l-389.714 389.714c-13.143 13.143-32 21.143-51.429 21.143s-38.286-8-52-21.143l-60.571-61.714c-13.714-13.143-21.714-32-21.714-51.429s8-38.286 21.714-52l389.143-389.143c29.714 74.857 89.714 134.857 164.571 164.571zM949.714 352.571c0 18.857-6.857 42.286-13.143 60.571-36 101.714-133.714 172-241.714 172-141.143 0-256-114.857-256-256s114.857-256 256-256c41.714 0 96 12.571 130.857 36 5.714 4 9.143 9.143 9.143 16 0 6.286-4 12.571-9.143 16l-167.429 96.571v128l110.286 61.143c18.857-10.857 151.429-94.286 162.857-94.286s18.286 8.571 18.286 20z"
        ],
        "width": 961.6822857142856,
        "attrs": [],
        "isMulticolor": false,
        "isMulticolor2": false,
        "tags": [
          "wrench"
        ],
        "defaultCode": 61613,
        "grid": 14
      },
      "attrs": [],
      "properties": {
        "name": "wrench",
        "id": 164,
        "order": 6,
        "prevSize": 28,
        "code": 61613
      },
      "setIdx": 0,
      "setId": 2,
      "iconIdx": 164
    },
    {
      "icon": {
        "paths": [
          "M365.714 146.286h292.571v-73.143h-292.571v73.143zM1024 512v274.286c0 50.286-41.143 91.429-91.429 91.429h-841.143c-50.286 0-91.429-41.143-91.429-91.429v-274.286h384v91.429c0 20 16.571 36.571 36.571 36.571h182.857c20 0 36.571-16.571 36.571-36.571v-91.429h384zM585.143 512v73.143h-146.286v-73.143h146.286zM1024 237.714v219.429h-1024v-219.429c0-50.286 41.143-91.429 91.429-91.429h201.143v-91.429c0-30.286 24.571-54.857 54.857-54.857h329.143c30.286 0 54.857 24.571 54.857 54.857v91.429h201.143c50.286 0 91.429 41.143 91.429 91.429z"
        ],
        "width": 1024,
        "attrs": [],
        "isMulticolor": false,
        "isMulticolor2": false,
        "tags": [
          "briefcase"
        ],
        "defaultCode": 61617,
        "grid": 14
      },
      "attrs": [],
      "properties": {
        "name": "briefcase",
        "id": 167,
        "order": 5,
        "prevSize": 28,
        "code": 61617
      },
      "setIdx": 0,
      "setId": 2,
      "iconIdx": 167
    },
    {
      "icon": {
        "paths": [
          "M217.714 925.714c0 62.857-49.143 98.286-108.571 98.286-36 0-72.571-12-98.286-37.714l32.571-50.286c15.429 14.286 38.857 25.714 60.571 25.714 20 0 41.143-9.714 41.143-32.571 0-32-36.571-33.714-60-32l-14.857-32c20.571-26.286 39.429-55.429 64-77.714v-0.571c-18.286 0-37.143 1.143-55.429 1.143v30.286h-60.571v-86.857h190.286v50.286l-54.286 65.714c38.286 9.143 63.429 38.857 63.429 78.286zM218.857 567.429v90.857h-206.857c-1.714-10.286-3.429-20.571-3.429-30.857 0-105.714 129.143-121.714 129.143-169.714 0-19.429-12-29.714-30.857-29.714-20 0-36.571 17.143-46.286 33.143l-48.571-33.714c18.857-39.429 57.714-61.714 101.143-61.714 53.143 0 98.857 31.429 98.857 88 0 84.571-124 103.429-125.714 148h72.571v-34.286h60zM1024 749.714v109.714c0 9.714-8.571 18.286-18.286 18.286h-694.857c-10.286 0-18.286-8.571-18.286-18.286v-109.714c0-10.286 8-18.286 18.286-18.286h694.857c9.714 0 18.286 8 18.286 18.286zM219.429 236v56.571h-191.429v-56.571h61.143c0-46.286 0.571-92.571 0.571-138.857v-6.857h-1.143c-6.286 12.571-17.714 21.143-28.571 30.857l-40.571-43.429 77.714-72.571h60.571v230.857h61.714zM1024 457.143v109.714c0 9.714-8.571 18.286-18.286 18.286h-694.857c-10.286 0-18.286-8.571-18.286-18.286v-109.714c0-10.286 8-18.286 18.286-18.286h694.857c9.714 0 18.286 8 18.286 18.286zM1024 164.571v109.714c0 9.714-8.571 18.286-18.286 18.286h-694.857c-10.286 0-18.286-8.571-18.286-18.286v-109.714c0-9.714 8-18.286 18.286-18.286h694.857c9.714 0 18.286 8.571 18.286 18.286z"
        ],
        "width": 1032.5577142857144,
        "attrs": [],
        "isMulticolor": false,
        "isMulticolor2": false,
        "tags": [
          "list-ol"
        ],
        "defaultCode": 61643,
        "grid": 14
      },
      "attrs": [],
      "properties": {
        "name": "list-ol",
        "id": 180,
        "order": 3,
        "prevSize": 28,
        "code": 61643
      },
      "setIdx": 0,
      "setId": 2,